subject_id,run_id,event_code,event_label,onset_sec,onset_sample,duration_sec,n_channels,n_samples,sampling_rate,channel_schema,dataset,source_file,modality,split,sample_id
S001,4,0,rest,0.0,0,4.2,64,640,160,"Fc5.,Fc3.,Fc1.,Fcz.,Fc2.,Fc4.,Fc6.,C5..,C3..,C1..,Cz..,C2..,C4..,C6..,Cp5.,Cp3.,Cp1.,Cpz.,Cp2.,Cp4.,Cp6.,Fp1.,Fpz.,Fp2.,Af7.,Af3.,Afz.,Af4.,Af8.,F7..,F5..,F3..,F1..,Fz..,F2..,F4..,F6..,F8..,Ft7.,Ft8.,T7..,T8..,T9..,T10.,Tp7.,Tp8.,P7..,P5..,P3..,P1..,Pz..,P2..,P4..,P6..,P8..,Po7.,Po3.,Poz.,Po4.,Po8.,O1..,Oz..,O2..,Iz..",eegmmidb,S001R04.edf,EEG,train,eegmmidb_000000
S001,4,2,right_fist,4.2,672,4.1,64,640,160,"Fc5.,Fc3.,Fc1.,Fcz.,Fc2.,Fc4.,Fc6.,C5..,C3..,C1..,Cz..,C2..,C4..,C6..,Cp5.,Cp3.,Cp1.,Cpz.,Cp2.,Cp4.,Cp6.,Fp1.,Fpz.,Fp2.,Af7.,Af3.,Afz.,Af4.,Af8.,F7..,F5..,F3..,F1..,Fz..,F2..,F4..,F6..,F8..,Ft7.,Ft8.,T7..,T8..,T9..,T10.,Tp7.,Tp8.,P7..,P5..,P3..,P1..,Pz..,P2..,P4..,P6..,P8..,Po7.,Po3.,Poz.,Po4.,Po8.,O1..,Oz..,O2..,Iz..",eegmmidb,S001R04.edf,EEG,train,eegmmidb_000001
S001,4,0,rest,8.3,1328,4.2,64,640,160,"Fc5.,Fc3.,Fc1.,Fcz.,Fc2.,Fc4.,Fc6.,C5..,C3..,C1..,Cz..,C2..,C4..,C6..,Cp5.,Cp3.,Cp1.,Cpz.,Cp2.,Cp4.,Cp6.,Fp1.,Fpz.,Fp2.,Af7.,Af3.,Afz.,Af4.,Af8.,F7..,F5..,F3..,F1..,Fz..,F2..,F4..,F6..,F8..,Ft7.,Ft8.,T7..,T8..,T9..,T10.,Tp7.,Tp8.,P7..,P5..,P3..,P1..,Pz..,P2..,P4..,P6..,P8..,Po7.,Po3.,Poz.,Po4.,Po8.,O1..,Oz..,O2..,Iz..",eegmmidb,S001R04.edf,EEG,train,eegmmidb_000002
S001,4,1,left_fist,12.5,2000,4.1,64,640,160,"Fc5.,Fc3.,Fc1.,Fcz.,Fc2.,Fc4.,Fc6.,C5..,C3..,C1..,Cz..,C2..,C4..,C6..,Cp5.,Cp3.,Cp1.,Cpz.,Cp2.,Cp4.,Cp6.,Fp1.,Fpz.,Fp2.,Af7.,Af3.,Afz.,Af4.,Af8.,F7..,F5..,F3..,F1..,Fz..,F2..,F4..,F6..,F8..,Ft7.,Ft8.,T7..,T8..,T9..,T10.,Tp7.,Tp8.,P7..,P5..,P3..,P1..,Pz..,P2..,P4..,P6..,P8..,Po7.,Po3.,Poz.,Po4.,Po8.,O1..,Oz..,O2..,Iz..",eegmmidb,S001R04.edf,EEG,train,eegmmidb_000003
S001,4,0,rest,16.6,2656,4.2,64,640,160,"Fc5.,Fc3.,Fc1.,Fcz.,Fc2.,Fc4.,Fc6.,C5..,C3..,C1..,Cz..,C2..,C4..,C6..,Cp5.,Cp3.,Cp1.,Cpz.,Cp2.,Cp4.,Cp6.,Fp1.,Fpz.,Fp2.,Af7.,Af3.,Afz.,Af4.,Af8.,F7..,F5..,F3..,F1..,Fz..,F2..,F4..,F6..,F8..,Ft7.,Ft8.,T7..,T8..,T9..,T10.,Tp7.,Tp8.,P7..,P5..,P3..,P1..,Pz..,P2..,P4..,P6..,P8..,Po7.,Po3.,Poz.,Po4.,Po8.,O1..,Oz..,O2..,Iz..",eegmmidb,S001R04.edf,EEG,train,eegmmidb_000004
S001,4,1,left_fist,20.8,3328,4.1,64,640,160,"Fc5.,Fc3.,Fc1.,Fcz.,Fc2.,Fc4.,Fc6.,C5..,C3..,C1..,Cz..,C2..,C4..,C6..,Cp5.,Cp3.,Cp1.,Cpz.,Cp2.,Cp4.,Cp6.,Fp1.,Fpz.,Fp2.,Af7.,Af3.,Afz.,Af4.,Af8.,F7..,F5..,F3..,F1..,Fz..,F2..,F4..,F6..,F8..,Ft7.,Ft8.,T7..,T8..,T9..,T10.,Tp7.,Tp8.,P7..,P5..,P3..,P1..,Pz..,P2..,P4..,P6..,P8..,Po7.,Po3.,Poz.,Po4.,Po8.,O1..,Oz..,O2..,Iz..",eegmmidb,S001R04.edf,EEG,train,eegmmidb_000005
S001,4,0,rest,24.9,3984,4.2,64,640,160,"Fc5.,Fc3.,Fc1.,Fcz.,Fc2.,Fc4.,Fc6.,C5..,C3..,C1..,Cz..,C2..,C4..,C6..,Cp5.,Cp3.,Cp1.,Cpz.,Cp2.,Cp4.,Cp6.,Fp1.,Fpz.,Fp2.,Af7.,Af3.,Afz.,Af4.,Af8.,F7..,F5..,F3..,F1..,Fz..,F2..,F4..,F6..,F8..,Ft7.,Ft8.,T7..,T8..,T9..,T10.,Tp7.,Tp8.,P7..,P5..,P3..,P1..,Pz..,P2..,P4..,P6..,P8..,Po7.,Po3.,Poz.,Po4.,Po8.,O1..,Oz..,O2..,Iz..",eegmmidb,S001R04.edf,EEG,train,eegmmidb_000006
S001,4,2,right_fist,29.1,4656,4.1,64,640,160,"Fc5.,Fc3.,Fc1.,Fcz.,Fc2.,Fc4.,Fc6.,C5..,C3..,C1..,Cz..,C2..,C4..,C6..,Cp5.,Cp3.,Cp1.,Cpz.,Cp2.,Cp4.,Cp6.,Fp1.,Fpz.,Fp2.,Af7.,Af3.,Afz.,Af4.,Af8.,F7..,F5..,F3..,F1..,Fz..,F2..,F4..,F6..,F8..,Ft7.,Ft8.,T7..,T8..,T9..,T10.,Tp7.,Tp8.,P7..,P5..,P3..,P1..,Pz..,P2..,P4..,P6..,P8..,Po7.,Po3.,Poz.,Po4.,Po8.,O1..,Oz..,O2..,Iz..",eegmmidb,S001R04.edf,EEG,train,eegmmidb_000007
S001,4,0,rest,33.2,5312,4.2,64,640,160,"Fc5.,Fc3.,Fc1.,Fcz.,Fc2.,Fc4.,Fc6.,C5..,C3..,C1..,Cz..,C2..,C4..,C6..,Cp5.,Cp3.,Cp1.,Cpz.,Cp2.,Cp4.,Cp6.,Fp1.,Fpz.,Fp2.,Af7.,Af3.,Afz.,Af4.,Af8.,F7..,F5..,F3..,F1..,Fz..,F2..,F4..,F6..,F8..,Ft7.,Ft8.,T7..,T8..,T9..,T10.,Tp7.,Tp8.,P7..,P5..,P3..,P1..,Pz..,P2..,P4..,P6..,P8..,Po7.,Po3.,Poz.,Po4.,Po8.,O1..,Oz..,O2..,Iz..",eegmmidb,S001R04.edf,EEG,train,eegmmidb_000008
S001,4,2,right_fist,37.4,5984,4.1,64,640,160,"Fc5.,Fc3.,Fc1.,Fcz.,Fc2.,Fc4.,Fc6.,C5..,C3..,C1..,Cz..,C2..,C4..,C6..,Cp5.,Cp3.,Cp1.,Cpz.,Cp2.,Cp4.,Cp6.,Fp1.,Fpz.,Fp2.,Af7.,Af3.,Afz.,Af4.,Af8.,F7..,F5..,F3..,F1..,Fz..,F2..,F4..,F6..,F8..,Ft7.,Ft8.,T7..,T8..,T9..,T10.,Tp7.,Tp8.,P7..,P5..,P3..,P1..,Pz..,P2..,P4..,P6..,P8..,Po7.,Po3.,Poz.,Po4.,Po8.,O1..,Oz..,O2..,Iz..",eegmmidb,S001R04.edf,EEG,train,eegmmidb_000009
S001,4,0,rest,41.5,6640,4.2,64,640,160,"Fc5.,Fc3.,Fc1.,Fcz.,Fc2.,Fc4.,Fc6.,C5..,C3..,C1..,Cz..,C2..,C4..,C6..,Cp5.,Cp3.,Cp1.,Cpz.,Cp2.,Cp4.,Cp6.,Fp1.,Fpz.,Fp2.,Af7.,Af3.,Afz.,Af4.,Af8.,F7..,F5..,F3..,F1..,Fz..,F2..,F4..,F6..,F8..,Ft7.,Ft8.,T7..,T8..,T9..,T10.,Tp7.,Tp8.,P7..,P5..,P3..,P1..,Pz..,P2..,P4..,P6..,P8..,Po7.,Po3.,Poz.,Po4.,Po8.,O1..,Oz..,O2..,Iz..",eegmmidb,S001R04.edf,EEG,train,eegmmidb_000010
S001,4,1,left_fist,45.7,7312,4.1,64,640,160,"Fc5.,Fc3.,Fc1.,Fcz.,Fc2.,Fc4.,Fc6.,C5..,C3..,C1..,Cz..,C2..,C4..,C6..,Cp5.,Cp3.,Cp1.,Cpz.,Cp2.,Cp4.,Cp6.,Fp1.,Fpz.,Fp2.,Af7.,Af3.,Afz.,Af4.,Af8.,F7..,F5..,F3..,F1..,Fz..,F2..,F4..,F6..,F8..,Ft7.,Ft8.,T7..,T8..,T9..,T10.,Tp7.,Tp8.,P7..,P5..,P3..,P1..,Pz..,P2..,P4..,P6..,P8..,Po7.,Po3.,Poz.,Po4.,Po8.,O1..,Oz..,O2..,Iz..",eegmmidb,S001R04.edf,EEG,train,eegmmidb_000011
S001,4,0,rest,49.8,7968,4.2,64,640,160,"Fc5.,Fc3.,Fc1.,Fcz.,Fc2.,Fc4.,Fc6.,C5..,C3..,C1..,Cz..,C2..,C4..,C6..,Cp5.,Cp3.,Cp1.,Cpz.,Cp2.,Cp4.,Cp6.,Fp1.,Fpz.,Fp2.,Af7.,Af3.,Afz.,Af4.,Af8.,F7..,F5..,F3..,F1..,Fz..,F2..,F4..,F6..,F8..,Ft7.,Ft8.,T7..,T8..,T9..,T10.,Tp7.,Tp8.,P7..,P5..,P3..,P1..,Pz..,P2..,P4..,P6..,P8..,Po7.,Po3.,Poz.,Po4.,Po8.,O1..,Oz..,O2..,Iz..",eegmmidb,S001R04.edf,EEG,train,eegmmidb_000012
S001,4,2,right_fist,54.0,8640,4.1,64,640,160,"Fc5.,Fc3.,Fc1.,Fcz.,Fc2.,Fc4.,Fc6.,C5..,C3..,C1..,Cz..,C2..,C4..,C6..,Cp5.,Cp3.,Cp1.,Cpz.,Cp2.,Cp4.,Cp6.,Fp1.,Fpz.,Fp2.,Af7.,Af3.,Afz.,Af4.,Af8.,F7..,F5..,F3..,F1..,Fz..,F2..,F4..,F6..,F8..,Ft7.,Ft8.,T7..,T8..,T9..,T10.,Tp7.,Tp8.,P7..,P5..,P3..,P1..,Pz..,P2..,P4..,P6..,P8..,Po7.,Po3.,Poz.,Po4.,Po8.,O1..,Oz..,O2..,Iz..",eegmmidb,S001R04.edf,EEG,train,eegmmidb_000013
S001,4,0,rest,58.1,9296,4.2,64,640,160,"Fc5.,Fc3.,Fc1.,Fcz.,Fc2.,Fc4.,Fc6.,C5..,C3..,C1..,Cz..,C2..,C4..,C6..,Cp5.,Cp3.,Cp1.,Cpz.,Cp2.,Cp4.,Cp6.,Fp1.,Fpz.,Fp2.,Af7.,Af3.,Afz.,Af4.,Af8.,F7..,F5..,F3..,F1..,Fz..,F2..,F4..,F6..,F8..,Ft7.,Ft8.,T7..,T8..,T9..,T10.,Tp7.,Tp8.,P7..,P5..,P3..,P1..,Pz..,P2..,P4..,P6..,P8..,Po7.,Po3.,Poz.,Po4.,Po8.,O1..,Oz..,O2..,Iz..",eegmmidb,S001R04.edf,EEG,train,eegmmidb_000014
S001,4,1,left_fist,62.3,9968,4.1,64,640,160,"Fc5.,Fc3.,Fc1.,Fcz.,Fc2.,Fc4.,Fc6.,C5..,C3..,C1..,Cz..,C2..,C4..,C6..,Cp5.,Cp3.,Cp1.,Cpz.,Cp2.,Cp4.,Cp6.,Fp1.,Fpz.,Fp2.,Af7.,Af3.,Afz.,Af4.,Af8.,F7..,F5..,F3..,F1..,Fz..,F2..,F4..,F6..,F8..,Ft7.,Ft8.,T7..,T8..,T9..,T10.,Tp7.,Tp8.,P7..,P5..,P3..,P1..,Pz..,P2..,P4..,P6..,P8..,Po7.,Po3.,Poz.,Po4.,Po8.,O1..,Oz..,O2..,Iz..",eegmmidb,S001R04.edf,EEG,train,eegmmidb_000015
S001,4,0,rest,66.4,10624,4.2,64,640,160,"Fc5.,Fc3.,Fc1.,Fcz.,Fc2.,Fc4.,Fc6.,C5..,C3..,C1..,Cz..,C2..,C4..,C6..,Cp5.,Cp3.,Cp1.,Cpz.,Cp2.,Cp4.,Cp6.,Fp1.,Fpz.,Fp2.,Af7.,Af3.,Afz.,Af4.,Af8.,F7..,F5..,F3..,F1..,Fz..,F2..,F4..,F6..,F8..,Ft7.,Ft8.,T7..,T8..,T9..,T10.,Tp7.,Tp8.,P7..,P5..,P3..,P1..,Pz..,P2..,P4..,P6..,P8..,Po7.,Po3.,Poz.,Po4.,Po8.,O1..,Oz..,O2..,Iz..",eegmmidb,S001R04.edf,EEG,train,eegmmidb_000016
S001,4,2,right_fist,70.6,11296,4.1,64,640,160,"Fc5.,Fc3.,Fc1.,Fcz.,Fc2.,Fc4.,Fc6.,C5..,C3..,C1..,Cz..,C2..,C4..,C6..,Cp5.,Cp3.,Cp1.,Cpz.,Cp2.,Cp4.,Cp6.,Fp1.,Fpz.,Fp2.,Af7.,Af3.,Afz.,Af4.,Af8.,F7..,F5..,F3..,F1..,Fz..,F2..,F4..,F6..,F8..,Ft7.,Ft8.,T7..,T8..,T9..,T10.,Tp7.,Tp8.,P7..,P5..,P3..,P1..,Pz..,P2..,P4..,P6..,P8..,Po7.,Po3.,Poz.,Po4.,Po8.,O1..,Oz..,O2..,Iz..",eegmmidb,S001R04.edf,EEG,train,eegmmidb_000017
S001,4,0,rest,74.7,11952,4.2,64,640,160,"Fc5.,Fc3.,Fc1.,Fcz.,Fc2.,Fc4.,Fc6.,C5..,C3..,C1..,Cz..,C2..,C4..,C6..,Cp5.,Cp3.,Cp1.,Cpz.,Cp2.,Cp4.,Cp6.,Fp1.,Fpz.,Fp2.,Af7.,Af3.,Afz.,Af4.,Af8.,F7..,F5..,F3..,F1..,Fz..,F2..,F4..,F6..,F8..,Ft7.,Ft8.,T7..,T8..,T9..,T10.,Tp7.,Tp8.,P7..,P5..,P3..,P1..,Pz..,P2..,P4..,P6..,P8..,Po7.,Po3.,Poz.,Po4.,Po8.,O1..,Oz..,O2..,Iz..",eegmmidb,S001R04.edf,EEG,train,eegmmidb_000018
S001,4,1,left_fist,78.9,12624,4.1,64,640,160,"Fc5.,Fc3.,Fc1.,Fcz.,Fc2.,Fc4.,Fc6.,C5..,C3..,C1..,Cz..,C2..,C4..,C6..,Cp5.,Cp3.,Cp1.,Cpz.,Cp2.,Cp4.,Cp6.,Fp1.,Fpz.,Fp2.,Af7.,Af3.,Afz.,Af4.,Af8.,F7..,F5..,F3..,F1..,Fz..,F2..,F4..,F6..,F8..,Ft7.,Ft8.,T7..,T8..,T9..,T10.,Tp7.,Tp8.,P7..,P5..,P3..,P1..,Pz..,P2..,P4..,P6..,P8..,Po7.,Po3.,Poz.,Po4.,Po8.,O1..,Oz..,O2..,Iz..",eegmmidb,S001R04.edf,EEG,train,eegmmidb_000019
S001,4,0,rest,83.0,13280,4.2,64,640,160,"Fc5.,Fc3.,Fc1.,Fcz.,Fc2.,Fc4.,Fc6.,C5..,C3..,C1..,Cz..,C2..,C4..,C6..,Cp5.,Cp3.,Cp1.,Cpz.,Cp2.,Cp4.,Cp6.,Fp1.,Fpz.,Fp2.,Af7.,Af3.,Afz.,Af4.,Af8.,F7..,F5..,F3..,F1..,Fz..,F2..,F4..,F6..,F8..,Ft7.,Ft8.,T7..,T8..,T9..,T10.,Tp7.,Tp8.,P7..,P5..,P3..,P1..,Pz..,P2..,P4..,P6..,P8..,Po7.,Po3.,Poz.,Po4.,Po8.,O1..,Oz..,O2..,Iz..",eegmmidb,S001R04.edf,EEG,train,eegmmidb_000020
S001,4,1,left_fist,87.2,13952,4.1,64,640,160,"Fc5.,Fc3.,Fc1.,Fcz.,Fc2.,Fc4.,Fc6.,C5..,C3..,C1..,Cz..,C2..,C4..,C6..,Cp5.,Cp3.,Cp1.,Cpz.,Cp2.,Cp4.,Cp6.,Fp1.,Fpz.,Fp2.,Af7.,Af3.,Afz.,Af4.,Af8.,F7..,F5..,F3..,F1..,Fz..,F2..,F4..,F6..,F8..,Ft7.,Ft8.,T7..,T8..,T9..,T10.,Tp7.,Tp8.,P7..,P5..,P3..,P1..,Pz..,P2..,P4..,P6..,P8..,Po7.,Po3.,Poz.,Po4.,Po8.,O1..,Oz..,O2..,Iz..",eegmmidb,S001R04.edf,EEG,train,eegmmidb_000021
S001,4,0,rest,91.3,14608,4.2,64,640,160,"Fc5.,Fc3.,Fc1.,Fcz.,Fc2.,Fc4.,Fc6.,C5..,C3..,C1..,Cz..,C2..,C4..,C6..,Cp5.,Cp3.,Cp1.,Cpz.,Cp2.,Cp4.,Cp6.,Fp1.,Fpz.,Fp2.,Af7.,Af3.,Afz.,Af4.,Af8.,F7..,F5..,F3..,F1..,Fz..,F2..,F4..,F6..,F8..,Ft7.,Ft8.,T7..,T8..,T9..,T10.,Tp7.,Tp8.,P7..,P5..,P3..,P1..,Pz..,P2..,P4..,P6..,P8..,Po7.,Po3.,Poz.,Po4.,Po8.,O1..,Oz..,O2..,Iz..",eegmmidb,S001R04.edf,EEG,train,eegmmidb_000022
S001,4,2,right_fist,95.5,15280,4.1,64,640,160,"Fc5.,Fc3.,Fc1.,Fcz.,Fc2.,Fc4.,Fc6.,C5..,C3..,C1..,Cz..,C2..,C4..,C6..,Cp5.,Cp3.,Cp1.,Cpz.,Cp2.,Cp4.,Cp6.,Fp1.,Fpz.,Fp2.,Af7.,Af3.,Afz.,Af4.,Af8.,F7..,F5..,F3..,F1..,Fz..,F2..,F4..,F6..,F8..,Ft7.,Ft8.,T7..,T8..,T9..,T10.,Tp7.,Tp8.,P7..,P5..,P3..,P1..,Pz..,P2..,P4..,P6..,P8..,Po7.,Po3.,Poz.,Po4.,Po8.,O1..,Oz..,O2..,Iz..",eegmmidb,S001R04.edf,EEG,train,eegmmidb_000023
S001,4,0,rest,99.6,15936,4.2,64,640,160,"Fc5.,Fc3.,Fc1.,Fcz.,Fc2.,Fc4.,Fc6.,C5..,C3..,C1..,Cz..,C2..,C4..,C6..,Cp5.,Cp3.,Cp1.,Cpz.,Cp2.,Cp4.,Cp6.,Fp1.,Fpz.,Fp2.,Af7.,Af3.,Afz.,Af4.,Af8.,F7..,F5..,F3..,F1..,Fz..,F2..,F4..,F6..,F8..,Ft7.,Ft8.,T7..,T8..,T9..,T10.,Tp7.,Tp8.,P7..,P5..,P3..,P1..,Pz..,P2..,P4..,P6..,P8..,Po7.,Po3.,Poz.,Po4.,Po8.,O1..,Oz..,O2..,Iz..",eegmmidb,S001R04.edf,EEG,train,eegmmidb_000024
S001,4,1,left_fist,103.8,16608,4.1,64,640,160,"Fc5.,Fc3.,Fc1.,Fcz.,Fc2.,Fc4.,Fc6.,C5..,C3..,C1..,Cz..,C2..,C4..,C6..,Cp5.,Cp3.,Cp1.,Cpz.,Cp2.,Cp4.,Cp6.,Fp1.,Fpz.,Fp2.,Af7.,Af3.,Afz.,Af4.,Af8.,F7..,F5..,F3..,F1..,Fz..,F2..,F4..,F6..,F8..,Ft7.,Ft8.,T7..,T8..,T9..,T10.,Tp7.,Tp8.,P7..,P5..,P3..,P1..,Pz..,P2..,P4..,P6..,P8..,Po7.,Po3.,Poz.,Po4.,Po8.,O1..,Oz..,O2..,Iz..",eegmmidb,S001R04.edf,EEG,train,eegmmidb_000025
S001,4,0,rest,107.9,17264,4.2,64,640,160,"Fc5.,Fc3.,Fc1.,Fcz.,Fc2.,Fc4.,Fc6.,C5..,C3..,C1..,Cz..,C2..,C4..,C6..,Cp5.,Cp3.,Cp1.,Cpz.,Cp2.,Cp4.,Cp6.,Fp1.,Fpz.,Fp2.,Af7.,Af3.,Afz.,Af4.,Af8.,F7..,F5..,F3..,F1..,Fz..,F2..,F4..,F6..,F8..,Ft7.,Ft8.,T7..,T8..,T9..,T10.,Tp7.,Tp8.,P7..,P5..,P3..,P1..,Pz..,P2..,P4..,P6..,P8..,Po7.,Po3.,Poz.,Po4.,Po8.,O1..,Oz..,O2..,Iz..",eegmmidb,S001R04.edf,EEG,train,eegmmidb_000026
S001,4,2,right_fist,112.1,17936,4.1,64,640,160,"Fc5.,Fc3.,Fc1.,Fcz.,Fc2.,Fc4.,Fc6.,C5..,C3..,C1..,Cz..,C2..,C4..,C6..,Cp5.,Cp3.,Cp1.,Cpz.,Cp2.,Cp4.,Cp6.,Fp1.,Fpz.,Fp2.,Af7.,Af3.,Afz.,Af4.,Af8.,F7..,F5..,F3..,F1..,Fz..,F2..,F4..,F6..,F8..,Ft7.,Ft8.,T7..,T8..,T9..,T10.,Tp7.,Tp8.,P7..,P5..,P3..,P1..,Pz..,P2..,P4..,P6..,P8..,Po7.,Po3.,Poz.,Po4.,Po8.,O1..,Oz..,O2..,Iz..",eegmmidb,S001R04.edf,EEG,train,eegmmidb_000027
S001,4,0,rest,116.2,18592,4.2,64,640,160,"Fc5.,Fc3.,Fc1.,Fcz.,Fc2.,Fc4.,Fc6.,C5..,C3..,C1..,Cz..,C2..,C4..,C6..,Cp5.,Cp3.,Cp1.,Cpz.,Cp2.,Cp4.,Cp6.,Fp1.,Fpz.,Fp2.,Af7.,Af3.,Afz.,Af4.,Af8.,F7..,F5..,F3..,F1..,Fz..,F2..,F4..,F6..,F8..,Ft7.,Ft8.,T7..,T8..,T9..,T10.,Tp7.,Tp8.,P7..,P5..,P3..,P1..,Pz..,P2..,P4..,P6..,P8..,Po7.,Po3.,Poz.,Po4.,Po8.,O1..,Oz..,O2..,Iz..",eegmmidb,S001R04.edf,EEG,train,eegmmidb_000028
S001,4,1,left_fist,120.4,19264,4.1,64,640,160,"Fc5.,Fc3.,Fc1.,Fcz.,Fc2.,Fc4.,Fc6.,C5..,C3..,C1..,Cz..,C2..,C4..,C6..,Cp5.,Cp3.,Cp1.,Cpz.,Cp2.,Cp4.,Cp6.,Fp1.,Fpz.,Fp2.,Af7.,Af3.,Afz.,Af4.,Af8.,F7..,F5..,F3..,F1..,Fz..,F2..,F4..,F6..,F8..,Ft7.,Ft8.,T7..,T8..,T9..,T10.,Tp7.,Tp8.,P7..,P5..,P3..,P1..,Pz..,P2..,P4..,P6..,P8..,Po7.,Po3.,Poz.,Po4.,Po8.,O1..,Oz..,O2..,Iz..",eegmmidb,S001R04.edf,EEG,train,eegmmidb_000029
S001,8,0,rest,0.0,0,4.2,64,640,160,"Fc5.,Fc3.,Fc1.,Fcz.,Fc2.,Fc4.,Fc6.,C5..,C3..,C1..,Cz..,C2..,C4..,C6..,Cp5.,Cp3.,Cp1.,Cpz.,Cp2.,Cp4.,Cp6.,Fp1.,Fpz.,Fp2.,Af7.,Af3.,Afz.,Af4.,Af8.,F7..,F5..,F3..,F1..,Fz..,F2..,F4..,F6..,F8..,Ft7.,Ft8.,T7..,T8..,T9..,T10.,Tp7.,Tp8.,P7..,P5..,P3..,P1..,Pz..,P2..,P4..,P6..,P8..,Po7.,Po3.,Poz.,Po4.,Po8.,O1..,Oz..,O2..,Iz..",eegmmidb,S001R08.edf,EEG,train,eegmmidb_000030
S001,8,1,left_fist,4.2,672,4.1,64,640,160,"Fc5.,Fc3.,Fc1.,Fcz.,Fc2.,Fc4.,Fc6.,C5..,C3..,C1..,Cz..,C2..,C4..,C6..,Cp5.,Cp3.,Cp1.,Cpz.,Cp2.,Cp4.,Cp6.,Fp1.,Fpz.,Fp2.,Af7.,Af3.,Afz.,Af4.,Af8.,F7..,F5..,F3..,F1..,Fz..,F2..,F4..,F6..,F8..,Ft7.,Ft8.,T7..,T8..,T9..,T10.,Tp7.,Tp8.,P7..,P5..,P3..,P1..,Pz..,P2..,P4..,P6..,P8..,Po7.,Po3.,Poz.,Po4.,Po8.,O1..,Oz..,O2..,Iz..",eegmmidb,S001R08.edf,EEG,train,eegmmidb_000031
S001,8,0,rest,8.3,1328,4.2,64,640,160,"Fc5.,Fc3.,Fc1.,Fcz.,Fc2.,Fc4.,Fc6.,C5..,C3..,C1..,Cz..,C2..,C4..,C6..,Cp5.,Cp3.,Cp1.,Cpz.,Cp2.,Cp4.,Cp6.,Fp1.,Fpz.,Fp2.,Af7.,Af3.,Afz.,Af4.,Af8.,F7..,F5..,F3..,F1..,Fz..,F2..,F4..,F6..,F8..,Ft7.,Ft8.,T7..,T8..,T9..,T10.,Tp7.,Tp8.,P7..,P5..,P3..,P1..,Pz..,P2..,P4..,P6..,P8..,Po7.,Po3.,Poz.,Po4.,Po8.,O1..,Oz..,O2..,Iz..",eegmmidb,S001R08.edf,EEG,train,eegmmidb_000032
S001,8,2,right_fist,12.5,2000,4.1,64,640,160,"Fc5.,Fc3.,Fc1.,Fcz.,Fc2.,Fc4.,Fc6.,C5..,C3..,C1..,Cz..,C2..,C4..,C6..,Cp5.,Cp3.,Cp1.,Cpz.,Cp2.,Cp4.,Cp6.,Fp1.,Fpz.,Fp2.,Af7.,Af3.,Afz.,Af4.,Af8.,F7..,F5..,F3..,F1..,Fz..,F2..,F4..,F6..,F8..,Ft7.,Ft8.,T7..,T8..,T9..,T10.,Tp7.,Tp8.,P7..,P5..,P3..,P1..,Pz..,P2..,P4..,P6..,P8..,Po7.,Po3.,Poz.,Po4.,Po8.,O1..,Oz..,O2..,Iz..",eegmmidb,S001R08.edf,EEG,train,eegmmidb_000033
S001,8,0,rest,16.6,2656,4.2,64,640,160,"Fc5.,Fc3.,Fc1.,Fcz.,Fc2.,Fc4.,Fc6.,C5..,C3..,C1..,Cz..,C2..,C4..,C6..,Cp5.,Cp3.,Cp1.,Cpz.,Cp2.,Cp4.,Cp6.,Fp1.,Fpz.,Fp2.,Af7.,Af3.,Afz.,Af4.,Af8.,F7..,F5..,F3..,F1..,Fz..,F2..,F4..,F6..,F8..,Ft7.,Ft8.,T7..,T8..,T9..,T10.,Tp7.,Tp8.,P7..,P5..,P3..,P1..,Pz..,P2..,P4..,P6..,P8..,Po7.,Po3.,Poz.,Po4.,Po8.,O1..,Oz..,O2..,Iz..",eegmmidb,S001R08.edf,EEG,train,eegmmidb_000034
S001,8,1,left_fist,20.8,3328,4.1,64,640,160,"Fc5.,Fc3.,Fc1.,Fcz.,Fc2.,Fc4.,Fc6.,C5..,C3..,C1..,Cz..,C2..,C4..,C6..,Cp5.,Cp3.,Cp1.,Cpz.,Cp2.,Cp4.,Cp6.,Fp1.,Fpz.,Fp2.,Af7.,Af3.,Afz.,Af4.,Af8.,F7..,F5..,F3..,F1..,Fz..,F2..,F4..,F6..,F8..,Ft7.,Ft8.,T7..,T8..,T9..,T10.,Tp7.,Tp8.,P7..,P5..,P3..,P1..,Pz..,P2..,P4..,P6..,P8..,Po7.,Po3.,Poz.,Po4.,Po8.,O1..,Oz..,O2..,Iz..",eegmmidb,S001R08.edf,EEG,train,eegmmidb_000035
S001,8,0,rest,24.9,3984,4.2,64,640,160,"Fc5.,Fc3.,Fc1.,Fcz.,Fc2.,Fc4.,Fc6.,C5..,C3..,C1..,Cz..,C2..,C4..,C6..,Cp5.,Cp3.,Cp1.,Cpz.,Cp2.,Cp4.,Cp6.,Fp1.,Fpz.,Fp2.,Af7.,Af3.,Afz.,Af4.,Af8.,F7..,F5..,F3..,F1..,Fz..,F2..,F4..,F6..,F8..,Ft7.,Ft8.,T7..,T8..,T9..,T10.,Tp7.,Tp8.,P7..,P5..,P3..,P1..,Pz..,P2..,P4..,P6..,P8..,Po7.,Po3.,Poz.,Po4.,Po8.,O1..,Oz..,O2..,Iz..",eegmmidb,S001R08.edf,EEG,train,eegmmidb_000036
S001,8,2,right_fist,29.1,4656,4.1,64,640,160,"Fc5.,Fc3.,Fc1.,Fcz.,Fc2.,Fc4.,Fc6.,C5..,C3..,C1..,Cz..,C2..,C4..,C6..,Cp5.,Cp3.,Cp1.,Cpz.,Cp2.,Cp4.,Cp6.,Fp1.,Fpz.,Fp2.,Af7.,Af3.,Afz.,Af4.,Af8.,F7..,F5..,F3..,F1..,Fz..,F2..,F4..,F6..,F8..,Ft7.,Ft8.,T7..,T8..,T9..,T10.,Tp7.,Tp8.,P7..,P5..,P3..,P1..,Pz..,P2..,P4..,P6..,P8..,Po7.,Po3.,Poz.,Po4.,Po8.,O1..,Oz..,O2..,Iz..",eegmmidb,S001R08.edf,EEG,train,eegmmidb_000037
S001,8,0,rest,33.2,5312,4.2,64,640,160,"Fc5.,Fc3.,Fc1.,Fcz.,Fc2.,Fc4.,Fc6.,C5..,C3..,C1..,Cz..,C2..,C4..,C6..,Cp5.,Cp3.,Cp1.,Cpz.,Cp2.,Cp4.,Cp6.,Fp1.,Fpz.,Fp2.,Af7.,Af3.,Afz.,Af4.,Af8.,F7..,F5..,F3..,F1..,Fz..,F2..,F4..,F6..,F8..,Ft7.,Ft8.,T7..,T8..,T9..,T10.,Tp7.,Tp8.,P7..,P5..,P3..,P1..,Pz..,P2..,P4..,P6..,P8..,Po7.,Po3.,Poz.,Po4.,Po8.,O1..,Oz..,O2..,Iz..",eegmmidb,S001R08.edf,EEG,train,eegmmidb_000038
S001,8,1,left_fist,37.4,5984,4.1,64,640,160,"Fc5.,Fc3.,Fc1.,Fcz.,Fc2.,Fc4.,Fc6.,C5..,C3..,C1..,Cz..,C2..,C4..,C6..,Cp5.,Cp3.,Cp1.,Cpz.,Cp2.,Cp4.,Cp6.,Fp1.,Fpz.,Fp2.,Af7.,Af3.,Afz.,Af4.,Af8.,F7..,F5..,F3..,F1..,Fz..,F2..,F4..,F6..,F8..,Ft7.,Ft8.,T7..,T8..,T9..,T10.,Tp7.,Tp8.,P7..,P5..,P3..,P1..,Pz..,P2..,P4..,P6..,P8..,Po7.,Po3.,Poz.,Po4.,Po8.,O1..,Oz..,O2..,Iz..",eegmmidb,S001R08.edf,EEG,train,eegmmidb_000039
S001,8,0,rest,41.5,6640,4.2,64,640,160,"Fc5.,Fc3.,Fc1.,Fcz.,Fc2.,Fc4.,Fc6.,C5..,C3..,C1..,Cz..,C2..,C4..,C6..,Cp5.,Cp3.,Cp1.,Cpz.,Cp2.,Cp4.,Cp6.,Fp1.,Fpz.,Fp2.,Af7.,Af3.,Afz.,Af4.,Af8.,F7..,F5..,F3..,F1..,Fz..,F2..,F4..,F6..,F8..,Ft7.,Ft8.,T7..,T8..,T9..,T10.,Tp7.,Tp8.,P7..,P5..,P3..,P1..,Pz..,P2..,P4..,P6..,P8..,Po7.,Po3.,Poz.,Po4.,Po8.,O1..,Oz..,O2..,Iz..",eegmmidb,S001R08.edf,EEG,train,eegmmidb_000040
S001,8,2,right_fist,45.7,7312,4.1,64,640,160,"Fc5.,Fc3.,Fc1.,Fcz.,Fc2.,Fc4.,Fc6.,C5..,C3..,C1..,Cz..,C2..,C4..,C6..,Cp5.,Cp3.,Cp1.,Cpz.,Cp2.,Cp4.,Cp6.,Fp1.,Fpz.,Fp2.,Af7.,Af3.,Afz.,Af4.,Af8.,F7..,F5..,F3..,F1..,Fz..,F2..,F4..,F6..,F8..,Ft7.,Ft8.,T7..,T8..,T9..,T10.,Tp7.,Tp8.,P7..,P5..,P3..,P1..,Pz..,P2..,P4..,P6..,P8..,Po7.,Po3.,Poz.,Po4.,Po8.,O1..,Oz..,O2..,Iz..",eegmmidb,S001R08.edf,EEG,train,eegmmidb_000041
S001,8,0,rest,49.8,7968,4.2,64,640,160,"Fc5.,Fc3.,Fc1.,Fcz.,Fc2.,Fc4.,Fc6.,C5..,C3..,C1..,Cz..,C2..,C4..,C6..,Cp5.,Cp3.,Cp1.,Cpz.,Cp2.,Cp4.,Cp6.,Fp1.,Fpz.,Fp2.,Af7.,Af3.,Afz.,Af4.,Af8.,F7..,F5..,F3..,F1..,Fz..,F2..,F4..,F6..,F8..,Ft7.,Ft8.,T7..,T8..,T9..,T10.,Tp7.,Tp8.,P7..,P5..,P3..,P1..,Pz..,P2..,P4..,P6..,P8..,Po7.,Po3.,Poz.,Po4.,Po8.,O1..,Oz..,O2..,Iz..",eegmmidb,S001R08.edf,EEG,train,eegmmidb_000042
S001,8,1,left_fist,54.0,8640,4.1,64,640,160,"Fc5.,Fc3.,Fc1.,Fcz.,Fc2.,Fc4.,Fc6.,C5..,C3..,C1..,Cz..,C2..,C4..,C6..,Cp5.,Cp3.,Cp1.,Cpz.,Cp2.,Cp4.,Cp6.,Fp1.,Fpz.,Fp2.,Af7.,Af3.,Afz.,Af4.,Af8.,F7..,F5..,F3..,F1..,Fz..,F2..,F4..,F6..,F8..,Ft7.,Ft8.,T7..,T8..,T9..,T10.,Tp7.,Tp8.,P7..,P5..,P3..,P1..,Pz..,P2..,P4..,P6..,P8..,Po7.,Po3.,Poz.,Po4.,Po8.,O1..,Oz..,O2..,Iz..",eegmmidb,S001R08.edf,EEG,train,eegmmidb_000043
S001,8,0,rest,58.1,9296,4.2,64,640,160,"Fc5.,Fc3.,Fc1.,Fcz.,Fc2.,Fc4.,Fc6.,C5..,C3..,C1..,Cz..,C2..,C4..,C6..,Cp5.,Cp3.,Cp1.,Cpz.,Cp2.,Cp4.,Cp6.,Fp1.,Fpz.,Fp2.,Af7.,Af3.,Afz.,Af4.,Af8.,F7..,F5..,F3..,F1..,Fz..,F2..,F4..,F6..,F8..,Ft7.,Ft8.,T7..,T8..,T9..,T10.,Tp7.,Tp8.,P7..,P5..,P3..,P1..,Pz..,P2..,P4..,P6..,P8..,Po7.,Po3.,Poz.,Po4.,Po8.,O1..,Oz..,O2..,Iz..",eegmmidb,S001R08.edf,EEG,train,eegmmidb_000044
S001,8,2,right_fist,62.3,9968,4.1,64,640,160,"Fc5.,Fc3.,Fc1.,Fcz.,Fc2.,Fc4.,Fc6.,C5..,C3..,C1..,Cz..,C2..,C4..,C6..,Cp5.,Cp3.,Cp1.,Cpz.,Cp2.,Cp4.,Cp6.,Fp1.,Fpz.,Fp2.,Af7.,Af3.,Afz.,Af4.,Af8.,F7..,F5..,F3..,F1..,Fz..,F2..,F4..,F6..,F8..,Ft7.,Ft8.,T7..,T8..,T9..,T10.,Tp7.,Tp8.,P7..,P5..,P3..,P1..,Pz..,P2..,P4..,P6..,P8..,Po7.,Po3.,Poz.,Po4.,Po8.,O1..,Oz..,O2..,Iz..",eegmmidb,S001R08.edf,EEG,train,eegmmidb_000045
S001,8,0,rest,66.4,10624,4.2,64,640,160,"Fc5.,Fc3.,Fc1.,Fcz.,Fc2.,Fc4.,Fc6.,C5..,C3..,C1..,Cz..,C2..,C4..,C6..,Cp5.,Cp3.,Cp1.,Cpz.,Cp2.,Cp4.,Cp6.,Fp1.,Fpz.,Fp2.,Af7.,Af3.,Afz.,Af4.,Af8.,F7..,F5..,F3..,F1..,Fz..,F2..,F4..,F6..,F8..,Ft7.,Ft8.,T7..,T8..,T9..,T10.,Tp7.,Tp8.,P7..,P5..,P3..,P1..,Pz..,P2..,P4..,P6..,P8..,Po7.,Po3.,Poz.,Po4.,Po8.,O1..,Oz..,O2..,Iz..",eegmmidb,S001R08.edf,EEG,train,eegmmidb_000046
S001,8,2,right_fist,70.6,11296,4.1,64,640,160,"Fc5.,Fc3.,Fc1.,Fcz.,Fc2.,Fc4.,Fc6.,C5..,C3..,C1..,Cz..,C2..,C4..,C6..,Cp5.,Cp3.,Cp1.,Cpz.,Cp2.,Cp4.,Cp6.,Fp1.,Fpz.,Fp2.,Af7.,Af3.,Afz.,Af4.,Af8.,F7..,F5..,F3..,F1..,Fz..,F2..,F4..,F6..,F8..,Ft7.,Ft8.,T7..,T8..,T9..,T10.,Tp7.,Tp8.,P7..,P5..,P3..,P1..,Pz..,P2..,P4..,P6..,P8..,Po7.,Po3.,Poz.,Po4.,Po8.,O1..,Oz..,O2..,Iz..",eegmmidb,S001R08.edf,EEG,train,eegmmidb_000047
S001,8,0,rest,74.7,11952,4.2,64,640,160,"Fc5.,Fc3.,Fc1.,Fcz.,Fc2.,Fc4.,Fc6.,C5..,C3..,C1..,Cz..,C2..,C4..,C6..,Cp5.,Cp3.,Cp1.,Cpz.,Cp2.,Cp4.,Cp6.,Fp1.,Fpz.,Fp2.,Af7.,Af3.,Afz.,Af4.,Af8.,F7..,F5..,F3..,F1..,Fz..,F2..,F4..,F6..,F8..,Ft7.,Ft8.,T7..,T8..,T9..,T10.,Tp7.,Tp8.,P7..,P5..,P3..,P1..,Pz..,P2..,P4..,P6..,P8..,Po7.,Po3.,Poz.,Po4.,Po8.,O1..,Oz..,O2..,Iz..",eegmmidb,S001R08.edf,EEG,train,eegmmidb_000048
S001,8,1,left_fist,78.9,12624,4.1,64,640,160,"Fc5.,Fc3.,Fc1.,Fcz.,Fc2.,Fc4.,Fc6.,C5..,C3..,C1..,Cz..,C2..,C4..,C6..,Cp5.,Cp3.,Cp1.,Cpz.,Cp2.,Cp4.,Cp6.,Fp1.,Fpz.,Fp2.,Af7.,Af3.,Afz.,Af4.,Af8.,F7..,F5..,F3..,F1..,Fz..,F2..,F4..,F6..,F8..,Ft7.,Ft8.,T7..,T8..,T9..,T10.,Tp7.,Tp8.,P7..,P5..,P3..,P1..,Pz..,P2..,P4..,P6..,P8..,Po7.,Po3.,Poz.,Po4.,Po8.,O1..,Oz..,O2..,Iz..",eegmmidb,S001R08.edf,EEG,train,eegmmidb_000049
S001,8,0,rest,83.0,13280,4.2,64,640,160,"Fc5.,Fc3.,Fc1.,Fcz.,Fc2.,Fc4.,Fc6.,C5..,C3..,C1..,Cz..,C2..,C4..,C6..,Cp5.,Cp3.,Cp1.,Cpz.,Cp2.,Cp4.,Cp6.,Fp1.,Fpz.,Fp2.,Af7.,Af3.,Afz.,Af4.,Af8.,F7..,F5..,F3..,F1..,Fz..,F2..,F4..,F6..,F8..,Ft7.,Ft8.,T7..,T8..,T9..,T10.,Tp7.,Tp8.,P7..,P5..,P3..,P1..,Pz..,P2..,P4..,P6..,P8..,Po7.,Po3.,Poz.,Po4.,Po8.,O1..,Oz..,O2..,Iz..",eegmmidb,S001R08.edf,EEG,train,eegmmidb_000050
S001,8,1,left_fist,87.2,13952,4.1,64,640,160,"Fc5.,Fc3.,Fc1.,Fcz.,Fc2.,Fc4.,Fc6.,C5..,C3..,C1..,Cz..,C2..,C4..,C6..,Cp5.,Cp3.,Cp1.,Cpz.,Cp2.,Cp4.,Cp6.,Fp1.,Fpz.,Fp2.,Af7.,Af3.,Afz.,Af4.,Af8.,F7..,F5..,F3..,F1..,Fz..,F2..,F4..,F6..,F8..,Ft7.,Ft8.,T7..,T8..,T9..,T10.,Tp7.,Tp8.,P7..,P5..,P3..,P1..,Pz..,P2..,P4..,P6..,P8..,Po7.,Po3.,Poz.,Po4.,Po8.,O1..,Oz..,O2..,Iz..",eegmmidb,S001R08.edf,EEG,train,eegmmidb_000051
S001,8,0,rest,91.3,14608,4.2,64,640,160,"Fc5.,Fc3.,Fc1.,Fcz.,Fc2.,Fc4.,Fc6.,C5..,C3..,C1..,Cz..,C2..,C4..,C6..,Cp5.,Cp3.,Cp1.,Cpz.,Cp2.,Cp4.,Cp6.,Fp1.,Fpz.,Fp2.,Af7.,Af3.,Afz.,Af4.,Af8.,F7..,F5..,F3..,F1..,Fz..,F2..,F4..,F6..,F8..,Ft7.,Ft8.,T7..,T8..,T9..,T10.,Tp7.,Tp8.,P7..,P5..,P3..,P1..,Pz..,P2..,P4..,P6..,P8..,Po7.,Po3.,Poz.,Po4.,Po8.,O1..,Oz..,O2..,Iz..",eegmmidb,S001R08.edf,EEG,train,eegmmidb_000052
S001,8,2,right_fist,95.5,15280,4.1,64,640,160,"Fc5.,Fc3.,Fc1.,Fcz.,Fc2.,Fc4.,Fc6.,C5..,C3..,C1..,Cz..,C2..,C4..,C6..,Cp5.,Cp3.,Cp1.,Cpz.,Cp2.,Cp4.,Cp6.,Fp1.,Fpz.,Fp2.,Af7.,Af3.,Afz.,Af4.,Af8.,F7..,F5..,F3..,F1..,Fz..,F2..,F4..,F6..,F8..,Ft7.,Ft8.,T7..,T8..,T9..,T10.,Tp7.,Tp8.,P7..,P5..,P3..,P1..,Pz..,P2..,P4..,P6..,P8..,Po7.,Po3.,Poz.,Po4.,Po8.,O1..,Oz..,O2..,Iz..",eegmmidb,S001R08.edf,EEG,train,eegmmidb_000053
S001,8,2,right_fist,103.8,16608,4.1,64,640,160,"Fc5.,Fc3.,Fc1.,Fcz.,Fc2.,Fc4.,Fc6.,C5..,C3..,C1..,Cz..,C2..,C4..,C6..,Cp5.,Cp3.,Cp1.,Cpz.,Cp2.,Cp4.,Cp6.,Fp1.,Fpz.,Fp2.,Af7.,Af3.,Afz.,Af4.,Af8.,F7..,F5..,F3..,F1..,Fz..,F2..,F4..,F6..,F8..,Ft7.,Ft8.,T7..,T8..,T9..,T10.,Tp7.,Tp8.,P7..,P5..,P3..,P1..,Pz..,P2..,P4..,P6..,P8..,Po7.,Po3.,Poz.,Po4.,Po8.,O1..,Oz..,O2..,Iz..",eegmmidb,S001R08.edf,EEG,train,eegmmidb_000054
S001,8,0,rest,107.9,17264,4.2,64,640,160,"Fc5.,Fc3.,Fc1.,Fcz.,Fc2.,Fc4.,Fc6.,C5..,C3..,C1..,Cz..,C2..,C4..,C6..,Cp5.,Cp3.,Cp1.,Cpz.,Cp2.,Cp4.,Cp6.,Fp1.,Fpz.,Fp2.,Af7.,Af3.,Afz.,Af4.,Af8.,F7..,F5..,F3..,F1..,Fz..,F2..,F4..,F6..,F8..,Ft7.,Ft8.,T7..,T8..,T9..,T10.,Tp7.,Tp8.,P7..,P5..,P3..,P1..,Pz..,P2..,P4..,P6..,P8..,Po7.,Po3.,Poz.,Po4.,Po8.,O1..,Oz..,O2..,Iz..",eegmmidb,S001R08.edf,EEG,train,eegmmidb_000055
S001,8,1,left_fist,112.1,17936,4.1,64,640,160,"Fc5.,Fc3.,Fc1.,Fcz.,Fc2.,Fc4.,Fc6.,C5..,C3..,C1..,Cz..,C2..,C4..,C6..,Cp5.,Cp3.,Cp1.,Cpz.,Cp2.,Cp4.,Cp6.,Fp1.,Fpz.,Fp2.,Af7.,Af3.,Afz.,Af4.,Af8.,F7..,F5..,F3..,F1..,Fz..,F2..,F4..,F6..,F8..,Ft7.,Ft8.,T7..,T8..,T9..,T10.,Tp7.,Tp8.,P7..,P5..,P3..,P1..,Pz..,P2..,P4..,P6..,P8..,Po7.,Po3.,Poz.,Po4.,Po8.,O1..,Oz..,O2..,Iz..",eegmmidb,S001R08.edf,EEG,train,eegmmidb_000056
S001,8,0,rest,116.2,18592,4.2,64,640,160,"Fc5.,Fc3.,Fc1.,Fcz.,Fc2.,Fc4.,Fc6.,C5..,C3..,C1..,Cz..,C2..,C4..,C6..,Cp5.,Cp3.,Cp1.,Cpz.,Cp2.,Cp4.,Cp6.,Fp1.,Fpz.,Fp2.,Af7.,Af3.,Afz.,Af4.,Af8.,F7..,F5..,F3..,F1..,Fz..,F2..,F4..,F6..,F8..,Ft7.,Ft8.,T7..,T8..,T9..,T10.,Tp7.,Tp8.,P7..,P5..,P3..,P1..,Pz..,P2..,P4..,P6..,P8..,Po7.,Po3.,Poz.,Po4.,Po8.,O1..,Oz..,O2..,Iz..",eegmmidb,S001R08.edf,EEG,train,eegmmidb_000057
S001,8,1,left_fist,120.4,19264,4.1,64,640,160,"Fc5.,Fc3.,Fc1.,Fcz.,Fc2.,Fc4.,Fc6.,C5..,C3..,C1..,Cz..,C2..,C4..,C6..,Cp5.,Cp3.,Cp1.,Cpz.,Cp2.,Cp4.,Cp6.,Fp1.,Fpz.,Fp2.,Af7.,Af3.,Afz.,Af4.,Af8.,F7..,F5..,F3..,F1..,Fz..,F2..,F4..,F6..,F8..,Ft7.,Ft8.,T7..,T8..,T9..,T10.,Tp7.,Tp8.,P7..,P5..,P3..,P1..,Pz..,P2..,P4..,P6..,P8..,Po7.,Po3.,Poz.,Po4.,Po8.,O1..,Oz..,O2..,Iz..",eegmmidb,S001R08.edf,EEG,train,eegmmidb_000058
S001,12,0,rest,0.0,0,4.2,64,640,160,"Fc5.,Fc3.,Fc1.,Fcz.,Fc2.,Fc4.,Fc6.,C5..,C3..,C1..,Cz..,C2..,C4..,C6..,Cp5.,Cp3.,Cp1.,Cpz.,Cp2.,Cp4.,Cp6.,Fp1.,Fpz.,Fp2.,Af7.,Af3.,Afz.,Af4.,Af8.,F7..,F5..,F3..,F1..,Fz..,F2..,F4..,F6..,F8..,Ft7.,Ft8.,T7..,T8..,T9..,T10.,Tp7.,Tp8.,P7..,P5..,P3..,P1..,Pz..,P2..,P4..,P6..,P8..,Po7.,Po3.,Poz.,Po4.,Po8.,O1..,Oz..,O2..,Iz..",eegmmidb,S001R12.edf,EEG,train,eegmmidb_000059
S001,12,2,right_fist,4.2,672,4.1,64,640,160,"Fc5.,Fc3.,Fc1.,Fcz.,Fc2.,Fc4.,Fc6.,C5..,C3..,C1..,Cz..,C2..,C4..,C6..,Cp5.,Cp3.,Cp1.,Cpz.,Cp2.,Cp4.,Cp6.,Fp1.,Fpz.,Fp2.,Af7.,Af3.,Afz.,Af4.,Af8.,F7..,F5..,F3..,F1..,Fz..,F2..,F4..,F6..,F8..,Ft7.,Ft8.,T7..,T8..,T9..,T10.,Tp7.,Tp8.,P7..,P5..,P3..,P1..,Pz..,P2..,P4..,P6..,P8..,Po7.,Po3.,Poz.,Po4.,Po8.,O1..,Oz..,O2..,Iz..",eegmmidb,S001R12.edf,EEG,train,eegmmidb_000060
S001,12,0,rest,8.3,1328,4.2,64,640,160,"Fc5.,Fc3.,Fc1.,Fcz.,Fc2.,Fc4.,Fc6.,C5..,C3..,C1..,Cz..,C2..,C4..,C6..,Cp5.,Cp3.,Cp1.,Cpz.,Cp2.,Cp4.,Cp6.,Fp1.,Fpz.,Fp2.,Af7.,Af3.,Afz.,Af4.,Af8.,F7..,F5..,F3..,F1..,Fz..,F2..,F4..,F6..,F8..,Ft7.,Ft8.,T7..,T8..,T9..,T10.,Tp7.,Tp8.,P7..,P5..,P3..,P1..,Pz..,P2..,P4..,P6..,P8..,Po7.,Po3.,Poz.,Po4.,Po8.,O1..,Oz..,O2..,Iz..",eegmmidb,S001R12.edf,EEG,train,eegmmidb_000061
S001,12,1,left_fist,12.5,2000,4.1,64,640,160,"Fc5.,Fc3.,Fc1.,Fcz.,Fc2.,Fc4.,Fc6.,C5..,C3..,C1..,Cz..,C2..,C4..,C6..,Cp5.,Cp3.,Cp1.,Cpz.,Cp2.,Cp4.,Cp6.,Fp1.,Fpz.,Fp2.,Af7.,Af3.,Afz.,Af4.,Af8.,F7..,F5..,F3..,F1..,Fz..,F2..,F4..,F6..,F8..,Ft7.,Ft8.,T7..,T8..,T9..,T10.,Tp7.,Tp8.,P7..,P5..,P3..,P1..,Pz..,P2..,P4..,P6..,P8..,Po7.,Po3.,Poz.,Po4.,Po8.,O1..,Oz..,O2..,Iz..",eegmmidb,S001R12.edf,EEG,train,eegmmidb_000062
S001,12,0,rest,16.6,2656,4.2,64,640,160,"Fc5.,Fc3.,Fc1.,Fcz.,Fc2.,Fc4.,Fc6.,C5..,C3..,C1..,Cz..,C2..,C4..,C6..,Cp5.,Cp3.,Cp1.,Cpz.,Cp2.,Cp4.,Cp6.,Fp1.,Fpz.,Fp2.,Af7.,Af3.,Afz.,Af4.,Af8.,F7..,F5..,F3..,F1..,Fz..,F2..,F4..,F6..,F8..,Ft7.,Ft8.,T7..,T8..,T9..,T10.,Tp7.,Tp8.,P7..,P5..,P3..,P1..,Pz..,P2..,P4..,P6..,P8..,Po7.,Po3.,Poz.,Po4.,Po8.,O1..,Oz..,O2..,Iz..",eegmmidb,S001R12.edf,EEG,train,eegmmidb_000063
S001,12,2,right_fist,20.8,3328,4.1,64,640,160,"Fc5.,Fc3.,Fc1.,Fcz.,Fc2.,Fc4.,Fc6.,C5..,C3..,C1..,Cz..,C2..,C4..,C6..,Cp5.,Cp3.,Cp1.,Cpz.,Cp2.,Cp4.,Cp6.,Fp1.,Fpz.,Fp2.,Af7.,Af3.,Afz.,Af4.,Af8.,F7..,F5..,F3..,F1..,Fz..,F2..,F4..,F6..,F8..,Ft7.,Ft8.,T7..,T8..,T9..,T10.,Tp7.,Tp8.,P7..,P5..,P3..,P1..,Pz..,P2..,P4..,P6..,P8..,Po7.,Po3.,Poz.,Po4.,Po8.,O1..,Oz..,O2..,Iz..",eegmmidb,S001R12.edf,EEG,train,eegmmidb_000064
S001,12,0,rest,24.9,3984,4.2,64,640,160,"Fc5.,Fc3.,Fc1.,Fcz.,Fc2.,Fc4.,Fc6.,C5..,C3..,C1..,Cz..,C2..,C4..,C6..,Cp5.,Cp3.,Cp1.,Cpz.,Cp2.,Cp4.,Cp6.,Fp1.,Fpz.,Fp2.,Af7.,Af3.,Afz.,Af4.,Af8.,F7..,F5..,F3..,F1..,Fz..,F2..,F4..,F6..,F8..,Ft7.,Ft8.,T7..,T8..,T9..,T10.,Tp7.,Tp8.,P7..,P5..,P3..,P1..,Pz..,P2..,P4..,P6..,P8..,Po7.,Po3.,Poz.,Po4.,Po8.,O1..,Oz..,O2..,Iz..",eegmmidb,S001R12.edf,EEG,train,eegmmidb_000065
S001,12,1,left_fist,29.1,4656,4.1,64,640,160,"Fc5.,Fc3.,Fc1.,Fcz.,Fc2.,Fc4.,Fc6.,C5..,C3..,C1..,Cz..,C2..,C4..,C6..,Cp5.,Cp3.,Cp1.,Cpz.,Cp2.,Cp4.,Cp6.,Fp1.,Fpz.,Fp2.,Af7.,Af3.,Afz.,Af4.,Af8.,F7..,F5..,F3..,F1..,Fz..,F2..,F4..,F6..,F8..,Ft7.,Ft8.,T7..,T8..,T9..,T10.,Tp7.,Tp8.,P7..,P5..,P3..,P1..,Pz..,P2..,P4..,P6..,P8..,Po7.,Po3.,Poz.,Po4.,Po8.,O1..,Oz..,O2..,Iz..",eegmmidb,S001R12.edf,EEG,train,eegmmidb_000066
S001,12,1,left_fist,37.4,5984,4.1,64,640,160,"Fc5.,Fc3.,Fc1.,Fcz.,Fc2.,Fc4.,Fc6.,C5..,C3..,C1..,Cz..,C2..,C4..,C6..,Cp5.,Cp3.,Cp1.,Cpz.,Cp2.,Cp4.,Cp6.,Fp1.,Fpz.,Fp2.,Af7.,Af3.,Afz.,Af4.,Af8.,F7..,F5..,F3..,F1..,Fz..,F2..,F4..,F6..,F8..,Ft7.,Ft8.,T7..,T8..,T9..,T10.,Tp7.,Tp8.,P7..,P5..,P3..,P1..,Pz..,P2..,P4..,P6..,P8..,Po7.,Po3.,Poz.,Po4.,Po8.,O1..,Oz..,O2..,Iz..",eegmmidb,S001R12.edf,EEG,train,eegmmidb_000068
S001,12,2,right_fist,45.7,7312,4.1,64,640,160,"Fc5.,Fc3.,Fc1.,Fcz.,Fc2.,Fc4.,Fc6.,C5..,C3..,C1..,Cz..,C2..,C4..,C6..,Cp5.,Cp3.,Cp1.,Cpz.,Cp2.,Cp4.,Cp6.,Fp1.,Fpz.,Fp2.,Af7.,Af3.,Afz.,Af4.,Af8.,F7..,F5..,F3..,F1..,Fz..,F2..,F4..,F6..,F8..,Ft7.,Ft8.,T7..,T8..,T9..,T10.,Tp7.,Tp8.,P7..,P5..,P3..,P1..,Pz..,P2..,P4..,P6..,P8..,Po7.,Po3.,Poz.,Po4.,Po8.,O1..,Oz..,O2..,Iz..",eegmmidb,S001R12.edf,EEG,train,eegmmidb_000070
S001,12,2,right_fist,54.0,8640,4.1,64,640,160,"Fc5.,Fc3.,Fc1.,Fcz.,Fc2.,Fc4.,Fc6.,C5..,C3..,C1..,Cz..,C2..,C4..,C6..,Cp5.,Cp3.,Cp1.,Cpz.,Cp2.,Cp4.,Cp6.,Fp1.,Fpz.,Fp2.,Af7.,Af3.,Afz.,Af4.,Af8.,F7..,F5..,F3..,F1..,Fz..,F2..,F4..,F6..,F8..,Ft7.,Ft8.,T7..,T8..,T9..,T10.,Tp7.,Tp8.,P7..,P5..,P3..,P1..,Pz..,P2..,P4..,P6..,P8..,Po7.,Po3.,Poz.,Po4.,Po8.,O1..,Oz..,O2..,Iz..",eegmmidb,S001R12.edf,EEG,train,eegmmidb_000072
S001,12,1,left_fist,62.3,9968,4.1,64,640,160,"Fc5.,Fc3.,Fc1.,Fcz.,Fc2.,Fc4.,Fc6.,C5..,C3..,C1..,Cz..,C2..,C4..,C6..,Cp5.,Cp3.,Cp1.,Cpz.,Cp2.,Cp4.,Cp6.,Fp1.,Fpz.,Fp2.,Af7.,Af3.,Afz.,Af4.,Af8.,F7..,F5..,F3..,F1..,Fz..,F2..,F4..,F6..,F8..,Ft7.,Ft8.,T7..,T8..,T9..,T10.,Tp7.,Tp8.,P7..,P5..,P3..,P1..,Pz..,P2..,P4..,P6..,P8..,Po7.,Po3.,Poz.,Po4.,Po8.,O1..,Oz..,O2..,Iz..",eegmmidb,S001R12.edf,EEG,train,eegmmidb_000074
S001,12,1,left_fist,70.6,11296,4.1,64,640,160,"Fc5.,Fc3.,Fc1.,Fcz.,Fc2.,Fc4.,Fc6.,C5..,C3..,C1..,Cz..,C2..,C4..,C6..,Cp5.,Cp3.,Cp1.,Cpz.,Cp2.,Cp4.,Cp6.,Fp1.,Fpz.,Fp2.,Af7.,Af3.,Afz.,Af4.,Af8.,F7..,F5..,F3..,F1..,Fz..,F2..,F4..,F6..,F8..,Ft7.,Ft8.,T7..,T8..,T9..,T10.,Tp7.,Tp8.,P7..,P5..,P3..,P1..,Pz..,P2..,P4..,P6..,P8..,Po7.,Po3.,Poz.,Po4.,Po8.,O1..,Oz..,O2..,Iz..",eegmmidb,S001R12.edf,EEG,train,eegmmidb_000076
S001,12,2,right_fist,78.9,12624,4.1,64,640,160,"Fc5.,Fc3.,Fc1.,Fcz.,Fc2.,Fc4.,Fc6.,C5..,C3..,C1..,Cz..,C2..,C4..,C6..,Cp5.,Cp3.,Cp1.,Cpz.,Cp2.,Cp4.,Cp6.,Fp1.,Fpz.,Fp2.,Af7.,Af3.,Afz.,Af4.,Af8.,F7..,F5..,F3..,F1..,Fz..,F2..,F4..,F6..,F8..,Ft7.,Ft8.,T7..,T8..,T9..,T10.,Tp7.,Tp8.,P7..,P5..,P3..,P1..,Pz..,P2..,P4..,P6..,P8..,Po7.,Po3.,Poz.,Po4.,Po8.,O1..,Oz..,O2..,Iz..",eegmmidb,S001R12.edf,EEG,train,eegmmidb_000078
S001,12,2,right_fist,87.2,13952,4.1,64,640,160,"Fc5.,Fc3.,Fc1.,Fcz.,Fc2.,Fc4.,Fc6.,C5..,C3..,C1..,Cz..,C2..,C4..,C6..,Cp5.,Cp3.,Cp1.,Cpz.,Cp2.,Cp4.,Cp6.,Fp1.,Fpz.,Fp2.,Af7.,Af3.,Afz.,Af4.,Af8.,F7..,F5..,F3..,F1..,Fz..,F2..,F4..,F6..,F8..,Ft7.,Ft8.,T7..,T8..,T9..,T10.,Tp7.,Tp8.,P7..,P5..,P3..,P1..,Pz..,P2..,P4..,P6..,P8..,Po7.,Po3.,Poz.,Po4.,Po8.,O1..,Oz..,O2..,Iz..",eegmmidb,S001R12.edf,EEG,train,eegmmidb_000080
S001,12,1,left_fist,95.5,15280,4.1,64,640,160,"Fc5.,Fc3.,Fc1.,Fcz.,Fc2.,Fc4.,Fc6.,C5..,C3..,C1..,Cz..,C2..,C4..,C6..,Cp5.,Cp3.,Cp1.,Cpz.,Cp2.,Cp4.,Cp6.,Fp1.,Fpz.,Fp2.,Af7.,Af3.,Afz.,Af4.,Af8.,F7..,F5..,F3..,F1..,Fz..,F2..,F4..,F6..,F8..,Ft7.,Ft8.,T7..,T8..,T9..,T10.,Tp7.,Tp8.,P7..,P5..,P3..,P1..,Pz..,P2..,P4..,P6..,P8..,Po7.,Po3.,Poz.,Po4.,Po8.,O1..,Oz..,O2..,Iz..",eegmmidb,S001R12.edf,EEG,train,eegmmidb_000082
S001,12,2,right_fist,103.8,16608,4.1,64,640,160,"Fc5.,Fc3.,Fc1.,Fcz.,Fc2.,Fc4.,Fc6.,C5..,C3..,C1..,Cz..,C2..,C4..,C6..,Cp5.,Cp3.,Cp1.,Cpz.,Cp2.,Cp4.,Cp6.,Fp1.,Fpz.,Fp2.,Af7.,Af3.,Afz.,Af4.,Af8.,F7..,F5..,F3..,F1..,Fz..,F2..,F4..,F6..,F8..,Ft7.,Ft8.,T7..,T8..,T9..,T10.,Tp7.,Tp8.,P7..,P5..,P3..,P1..,Pz..,P2..,P4..,P6..,P8..,Po7.,Po3.,Poz.,Po4.,Po8.,O1..,Oz..,O2..,Iz..",eegmmidb,S001R12.edf,EEG,train,eegmmidb_000084
S001,12,1,left_fist,112.1,17936,4.1,64,640,160,"Fc5.,Fc3.,Fc1.,Fcz.,Fc2.,Fc4.,Fc6.,C5..,C3..,C1..,Cz..,C2..,C4..,C6..,Cp5.,Cp3.,Cp1.,Cpz.,Cp2.,Cp4.,Cp6.,Fp1.,Fpz.,Fp2.,Af7.,Af3.,Afz.,Af4.,Af8.,F7..,F5..,F3..,F1..,Fz..,F2..,F4..,F6..,F8..,Ft7.,Ft8.,T7..,T8..,T9..,T10.,Tp7.,Tp8.,P7..,P5..,P3..,P1..,Pz..,P2..,P4..,P6..,P8..,Po7.,Po3.,Poz.,Po4.,Po8.,O1..,Oz..,O2..,Iz..",eegmmidb,S001R12.edf,EEG,train,eegmmidb_000086
S001,12,2,right_fist,120.4,19264,4.1,64,640,160,"Fc5.,Fc3.,Fc1.,Fcz.,Fc2.,Fc4.,Fc6.,C5..,C3..,C1..,Cz..,C2..,C4..,C6..,Cp5.,Cp3.,Cp1.,Cpz.,Cp2.,Cp4.,Cp6.,Fp1.,Fpz.,Fp2.,Af7.,Af3.,Afz.,Af4.,Af8.,F7..,F5..,F3..,F1..,Fz..,F2..,F4..,F6..,F8..,Ft7.,Ft8.,T7..,T8..,T9..,T10.,Tp7.,Tp8.,P7..,P5..,P3..,P1..,Pz..,P2..,P4..,P6..,P8..,Po7.,Po3.,Poz.,Po4.,Po8.,O1..,Oz..,O2..,Iz..",eegmmidb,S001R12.edf,EEG,train,eegmmidb_000088
S002,4,1,left_fist,4.1,656,4.1,64,640,160,"Fc5.,Fc3.,Fc1.,Fcz.,Fc2.,Fc4.,Fc6.,C5..,C3..,C1..,Cz..,C2..,C4..,C6..,Cp5.,Cp3.,Cp1.,Cpz.,Cp2.,Cp4.,Cp6.,Fp1.,Fpz.,Fp2.,Af7.,Af3.,Afz.,Af4.,Af8.,F7..,F5..,F3..,F1..,Fz..,F2..,F4..,F6..,F8..,Ft7.,Ft8.,T7..,T8..,T9..,T10.,Tp7.,Tp8.,P7..,P5..,P3..,P1..,Pz..,P2..,P4..,P6..,P8..,Po7.,Po3.,Poz.,Po4.,Po8.,O1..,Oz..,O2..,Iz..",eegmmidb,S002R04.edf,EEG,train,eegmmidb_000090
S002,4,2,right_fist,12.3,1968,4.1,64,640,160,"Fc5.,Fc3.,Fc1.,Fcz.,Fc2.,Fc4.,Fc6.,C5..,C3..,C1..,Cz..,C2..,C4..,C6..,Cp5.,Cp3.,Cp1.,Cpz.,Cp2.,Cp4.,Cp6.,Fp1.,Fpz.,Fp2.,Af7.,Af3.,Afz.,Af4.,Af8.,F7..,F5..,F3..,F1..,Fz..,F2..,F4..,F6..,F8..,Ft7.,Ft8.,T7..,T8..,T9..,T10.,Tp7.,Tp8.,P7..,P5..,P3..,P1..,Pz..,P2..,P4..,P6..,P8..,Po7.,Po3.,Poz.,Po4.,Po8.,O1..,Oz..,O2..,Iz..",eegmmidb,S002R04.edf,EEG,train,eegmmidb_000092
S002,4,1,left_fist,20.5,3280,4.1,64,640,160,"Fc5.,Fc3.,Fc1.,Fcz.,Fc2.,Fc4.,Fc6.,C5..,C3..,C1..,Cz..,C2..,C4..,C6..,Cp5.,Cp3.,Cp1.,Cpz.,Cp2.,Cp4.,Cp6.,Fp1.,Fpz.,Fp2.,Af7.,Af3.,Afz.,Af4.,Af8.,F7..,F5..,F3..,F1..,Fz..,F2..,F4..,F6..,F8..,Ft7.,Ft8.,T7..,T8..,T9..,T10.,Tp7.,Tp8.,P7..,P5..,P3..,P1..,Pz..,P2..,P4..,P6..,P8..,Po7.,Po3.,Poz.,Po4.,Po8.,O1..,Oz..,O2..,Iz..",eegmmidb,S002R04.edf,EEG,train,eegmmidb_000094
S002,4,2,right_fist,28.7,4592,4.1,64,640,160,"Fc5.,Fc3.,Fc1.,Fcz.,Fc2.,Fc4.,Fc6.,C5..,C3..,C1..,Cz..,C2..,C4..,C6..,Cp5.,Cp3.,Cp1.,Cpz.,Cp2.,Cp4.,Cp6.,Fp1.,Fpz.,Fp2.,Af7.,Af3.,Afz.,Af4.,Af8.,F7..,F5..,F3..,F1..,Fz..,F2..,F4..,F6..,F8..,Ft7.,Ft8.,T7..,T8..,T9..,T10.,Tp7.,Tp8.,P7..,P5..,P3..,P1..,Pz..,P2..,P4..,P6..,P8..,Po7.,Po3.,Poz.,Po4.,Po8.,O1..,Oz..,O2..,Iz..",eegmmidb,S002R04.edf,EEG,train,eegmmidb_000096
S002,4,1,left_fist,36.9,5904,4.1,64,640,160,"Fc5.,Fc3.,Fc1.,Fcz.,Fc2.,Fc4.,Fc6.,C5..,C3..,C1..,Cz..,C2..,C4..,C6..,Cp5.,Cp3.,Cp1.,Cpz.,Cp2.,Cp4.,Cp6.,Fp1.,Fpz.,Fp2.,Af7.,Af3.,Afz.,Af4.,Af8.,F7..,F5..,F3..,F1..,Fz..,F2..,F4..,F6..,F8..,Ft7.,Ft8.,T7..,T8..,T9..,T10.,Tp7.,Tp8.,P7..,P5..,P3..,P1..,Pz..,P2..,P4..,P6..,P8..,Po7.,Po3.,Poz.,Po4.,Po8.,O1..,Oz..,O2..,Iz..",eegmmidb,S002R04.edf,EEG,train,eegmmidb_000098
S002,4,2,right_fist,45.1,7216,4.1,64,640,160,"Fc5.,Fc3.,Fc1.,Fcz.,Fc2.,Fc4.,Fc6.,C5..,C3..,C1..,Cz..,C2..,C4..,C6..,Cp5.,Cp3.,Cp1.,Cpz.,Cp2.,Cp4.,Cp6.,Fp1.,Fpz.,Fp2.,Af7.,Af3.,Afz.,Af4.,Af8.,F7..,F5..,F3..,F1..,Fz..,F2..,F4..,F6..,F8..,Ft7.,Ft8.,T7..,T8..,T9..,T10.,Tp7.,Tp8.,P7..,P5..,P3..,P1..,Pz..,P2..,P4..,P6..,P8..,Po7.,Po3.,Poz.,Po4.,Po8.,O1..,Oz..,O2..,Iz..",eegmmidb,S002R04.edf,EEG,train,eegmmidb_000100
S002,4,2,right_fist,53.3,8528,4.1,64,640,160,"Fc5.,Fc3.,Fc1.,Fcz.,Fc2.,Fc4.,Fc6.,C5..,C3..,C1..,Cz..,C2..,C4..,C6..,Cp5.,Cp3.,Cp1.,Cpz.,Cp2.,Cp4.,Cp6.,Fp1.,Fpz.,Fp2.,Af7.,Af3.,Afz.,Af4.,Af8.,F7..,F5..,F3..,F1..,Fz..,F2..,F4..,F6..,F8..,Ft7.,Ft8.,T7..,T8..,T9..,T10.,Tp7.,Tp8.,P7..,P5..,P3..,P1..,Pz..,P2..,P4..,P6..,P8..,Po7.,Po3.,Poz.,Po4.,Po8.,O1..,Oz..,O2..,Iz..",eegmmidb,S002R04.edf,EEG,train,eegmmidb_000102
S002,4,1,left_fist,61.5,9840,4.1,64,640,160,"Fc5.,Fc3.,Fc1.,Fcz.,Fc2.,Fc4.,Fc6.,C5..,C3..,C1..,Cz..,C2..,C4..,C6..,Cp5.,Cp3.,Cp1.,Cpz.,Cp2.,Cp4.,Cp6.,Fp1.,Fpz.,Fp2.,Af7.,Af3.,Afz.,Af4.,Af8.,F7..,F5..,F3..,F1..,Fz..,F2..,F4..,F6..,F8..,Ft7.,Ft8.,T7..,T8..,T9..,T10.,Tp7.,Tp8.,P7..,P5..,P3..,P1..,Pz..,P2..,P4..,P6..,P8..,Po7.,Po3.,Poz.,Po4.,Po8.,O1..,Oz..,O2..,Iz..",eegmmidb,S002R04.edf,EEG,train,eegmmidb_000104
S002,4,2,right_fist,69.7,11152,4.1,64,640,160,"Fc5.,Fc3.,Fc1.,Fcz.,Fc2.,Fc4.,Fc6.,C5..,C3..,C1..,Cz..,C2..,C4..,C6..,Cp5.,Cp3.,Cp1.,Cpz.,Cp2.,Cp4.,Cp6.,Fp1.,Fpz.,Fp2.,Af7.,Af3.,Afz.,Af4.,Af8.,F7..,F5..,F3..,F1..,Fz..,F2..,F4..,F6..,F8..,Ft7.,Ft8.,T7..,T8..,T9..,T10.,Tp7.,Tp8.,P7..,P5..,P3..,P1..,Pz..,P2..,P4..,P6..,P8..,Po7.,Po3.,Poz.,Po4.,Po8.,O1..,Oz..,O2..,Iz..",eegmmidb,S002R04.edf,EEG,train,eegmmidb_000106
S002,4,1,left_fist,77.9,12464,4.1,64,640,160,"Fc5.,Fc3.,Fc1.,Fcz.,Fc2.,Fc4.,Fc6.,C5..,C3..,C1..,Cz..,C2..,C4..,C6..,Cp5.,Cp3.,Cp1.,Cpz.,Cp2.,Cp4.,Cp6.,Fp1.,Fpz.,Fp2.,Af7.,Af3.,Afz.,Af4.,Af8.,F7..,F5..,F3..,F1..,Fz..,F2..,F4..,F6..,F8..,Ft7.,Ft8.,T7..,T8..,T9..,T10.,Tp7.,Tp8.,P7..,P5..,P3..,P1..,Pz..,P2..,P4..,P6..,P8..,Po7.,Po3.,Poz.,Po4.,Po8.,O1..,Oz..,O2..,Iz..",eegmmidb,S002R04.edf,EEG,train,eegmmidb_000108
S002,4,2,right_fist,86.1,13776,4.1,64,640,160,"Fc5.,Fc3.,Fc1.,Fcz.,Fc2.,Fc4.,Fc6.,C5..,C3..,C1..,Cz..,C2..,C4..,C6..,Cp5.,Cp3.,Cp1.,Cpz.,Cp2.,Cp4.,Cp6.,Fp1.,Fpz.,Fp2.,Af7.,Af3.,Afz.,Af4.,Af8.,F7..,F5..,F3..,F1..,Fz..,F2..,F4..,F6..,F8..,Ft7.,Ft8.,T7..,T8..,T9..,T10.,Tp7.,Tp8.,P7..,P5..,P3..,P1..,Pz..,P2..,P4..,P6..,P8..,Po7.,Po3.,Poz.,Po4.,Po8.,O1..,Oz..,O2..,Iz..",eegmmidb,S002R04.edf,EEG,train,eegmmidb_000110
S002,4,1,left_fist,94.3,15088,4.1,64,640,160,"Fc5.,Fc3.,Fc1.,Fcz.,Fc2.,Fc4.,Fc6.,C5..,C3..,C1..,Cz..,C2..,C4..,C6..,Cp5.,Cp3.,Cp1.,Cpz.,Cp2.,Cp4.,Cp6.,Fp1.,Fpz.,Fp2.,Af7.,Af3.,Afz.,Af4.,Af8.,F7..,F5..,F3..,F1..,Fz..,F2..,F4..,F6..,F8..,Ft7.,Ft8.,T7..,T8..,T9..,T10.,Tp7.,Tp8.,P7..,P5..,P3..,P1..,Pz..,P2..,P4..,P6..,P8..,Po7.,Po3.,Poz.,Po4.,Po8.,O1..,Oz..,O2..,Iz..",eegmmidb,S002R04.edf,EEG,train,eegmmidb_000112
S002,4,2,right_fist,102.5,16400,4.1,64,640,160,"Fc5.,Fc3.,Fc1.,Fcz.,Fc2.,Fc4.,Fc6.,C5..,C3..,C1..,Cz..,C2..,C4..,C6..,Cp5.,Cp3.,Cp1.,Cpz.,Cp2.,Cp4.,Cp6.,Fp1.,Fpz.,Fp2.,Af7.,Af3.,Afz.,Af4.,Af8.,F7..,F5..,F3..,F1..,Fz..,F2..,F4..,F6..,F8..,Ft7.,Ft8.,T7..,T8..,T9..,T10.,Tp7.,Tp8.,P7..,P5..,P3..,P1..,Pz..,P2..,P4..,P6..,P8..,Po7.,Po3.,Poz.,Po4.,Po8.,O1..,Oz..,O2..,Iz..",eegmmidb,S002R04.edf,EEG,train,eegmmidb_000114
S002,4,1,left_fist,110.7,17712,4.1,64,640,160,"Fc5.,Fc3.,Fc1.,Fcz.,Fc2.,Fc4.,Fc6.,C5..,C3..,C1..,Cz..,C2..,C4..,C6..,Cp5.,Cp3.,Cp1.,Cpz.,Cp2.,Cp4.,Cp6.,Fp1.,Fpz.,Fp2.,Af7.,Af3.,Afz.,Af4.,Af8.,F7..,F5..,F3..,F1..,Fz..,F2..,F4..,F6..,F8..,Ft7.,Ft8.,T7..,T8..,T9..,T10.,Tp7.,Tp8.,P7..,P5..,P3..,P1..,Pz..,P2..,P4..,P6..,P8..,Po7.,Po3.,Poz.,Po4.,Po8.,O1..,Oz..,O2..,Iz..",eegmmidb,S002R04.edf,EEG,train,eegmmidb_000116
S002,4,2,right_fist,118.9,19024,4.1,64,640,160,"Fc5.,Fc3.,Fc1.,Fcz.,Fc2.,Fc4.,Fc6.,C5..,C3..,C1..,Cz..,C2..,C4..,C6..,Cp5.,Cp3.,Cp1.,Cpz.,Cp2.,Cp4.,Cp6.,Fp1.,Fpz.,Fp2.,Af7.,Af3.,Afz.,Af4.,Af8.,F7..,F5..,F3..,F1..,Fz..,F2..,F4..,F6..,F8..,Ft7.,Ft8.,T7..,T8..,T9..,T10.,Tp7.,Tp8.,P7..,P5..,P3..,P1..,Pz..,P2..,P4..,P6..,P8..,Po7.,Po3.,Poz.,Po4.,Po8.,O1..,Oz..,O2..,Iz..",eegmmidb,S002R04.edf,EEG,train,eegmmidb_000118
S002,8,1,left_fist,4.1,656,4.1,64,640,160,"Fc5.,Fc3.,Fc1.,Fcz.,Fc2.,Fc4.,Fc6.,C5..,C3..,C1..,Cz..,C2..,C4..,C6..,Cp5.,Cp3.,Cp1.,Cpz.,Cp2.,Cp4.,Cp6.,Fp1.,Fpz.,Fp2.,Af7.,Af3.,Afz.,Af4.,Af8.,F7..,F5..,F3..,F1..,Fz..,F2..,F4..,F6..,F8..,Ft7.,Ft8.,T7..,T8..,T9..,T10.,Tp7.,Tp8.,P7..,P5..,P3..,P1..,Pz..,P2..,P4..,P6..,P8..,Po7.,Po3.,Poz.,Po4.,Po8.,O1..,Oz..,O2..,Iz..",eegmmidb,S002R08.edf,EEG,train,eegmmidb_000120
S002,8,2,right_fist,12.3,1968,4.1,64,640,160,"Fc5.,Fc3.,Fc1.,Fcz.,Fc2.,Fc4.,Fc6.,C5..,C3..,C1..,Cz..,C2..,C4..,C6..,Cp5.,Cp3.,Cp1.,Cpz.,Cp2.,Cp4.,Cp6.,Fp1.,Fpz.,Fp2.,Af7.,Af3.,Afz.,Af4.,Af8.,F7..,F5..,F3..,F1..,Fz..,F2..,F4..,F6..,F8..,Ft7.,Ft8.,T7..,T8..,T9..,T10.,Tp7.,Tp8.,P7..,P5..,P3..,P1..,Pz..,P2..,P4..,P6..,P8..,Po7.,Po3.,Poz.,Po4.,Po8.,O1..,Oz..,O2..,Iz..",eegmmidb,S002R08.edf,EEG,train,eegmmidb_000122
S002,8,2,right_fist,20.5,3280,4.1,64,640,160,"Fc5.,Fc3.,Fc1.,Fcz.,Fc2.,Fc4.,Fc6.,C5..,C3..,C1..,Cz..,C2..,C4..,C6..,Cp5.,Cp3.,Cp1.,Cpz.,Cp2.,Cp4.,Cp6.,Fp1.,Fpz.,Fp2.,Af7.,Af3.,Afz.,Af4.,Af8.,F7..,F5..,F3..,F1..,Fz..,F2..,F4..,F6..,F8..,Ft7.,Ft8.,T7..,T8..,T9..,T10.,Tp7.,Tp8.,P7..,P5..,P3..,P1..,Pz..,P2..,P4..,P6..,P8..,Po7.,Po3.,Poz.,Po4.,Po8.,O1..,Oz..,O2..,Iz..",eegmmidb,S002R08.edf,EEG,train,eegmmidb_000124
S002,8,1,left_fist,28.7,4592,4.1,64,640,160,"Fc5.,Fc3.,Fc1.,Fcz.,Fc2.,Fc4.,Fc6.,C5..,C3..,C1..,Cz..,C2..,C4..,C6..,Cp5.,Cp3.,Cp1.,Cpz.,Cp2.,Cp4.,Cp6.,Fp1.,Fpz.,Fp2.,Af7.,Af3.,Afz.,Af4.,Af8.,F7..,F5..,F3..,F1..,Fz..,F2..,F4..,F6..,F8..,Ft7.,Ft8.,T7..,T8..,T9..,T10.,Tp7.,Tp8.,P7..,P5..,P3..,P1..,Pz..,P2..,P4..,P6..,P8..,Po7.,Po3.,Poz.,Po4.,Po8.,O1..,Oz..,O2..,Iz..",eegmmidb,S002R08.edf,EEG,train,eegmmidb_000126
S002,8,2,right_fist,36.9,5904,4.1,64,640,160,"Fc5.,Fc3.,Fc1.,Fcz.,Fc2.,Fc4.,Fc6.,C5..,C3..,C1..,Cz..,C2..,C4..,C6..,Cp5.,Cp3.,Cp1.,Cpz.,Cp2.,Cp4.,Cp6.,Fp1.,Fpz.,Fp2.,Af7.,Af3.,Afz.,Af4.,Af8.,F7..,F5..,F3..,F1..,Fz..,F2..,F4..,F6..,F8..,Ft7.,Ft8.,T7..,T8..,T9..,T10.,Tp7.,Tp8.,P7..,P5..,P3..,P1..,Pz..,P2..,P4..,P6..,P8..,Po7.,Po3.,Poz.,Po4.,Po8.,O1..,Oz..,O2..,Iz..",eegmmidb,S002R08.edf,EEG,train,eegmmidb_000128
S002,8,1,left_fist,45.1,7216,4.1,64,640,160,"Fc5.,Fc3.,Fc1.,Fcz.,Fc2.,Fc4.,Fc6.,C5..,C3..,C1..,Cz..,C2..,C4..,C6..,Cp5.,Cp3.,Cp1.,Cpz.,Cp2.,Cp4.,Cp6.,Fp1.,Fpz.,Fp2.,Af7.,Af3.,Afz.,Af4.,Af8.,F7..,F5..,F3..,F1..,Fz..,F2..,F4..,F6..,F8..,Ft7.,Ft8.,T7..,T8..,T9..,T10.,Tp7.,Tp8.,P7..,P5..,P3..,P1..,Pz..,P2..,P4..,P6..,P8..,Po7.,Po3.,Poz.,Po4.,Po8.,O1..,Oz..,O2..,Iz..",eegmmidb,S002R08.edf,EEG,train,eegmmidb_000130
S100,4,2,right_fist,76.88,12300,5.125,64,640,160,"Fc5.,Fc3.,Fc1.,Fcz.,Fc2.,Fc4.,Fc6.,C5..,C3..,C1..,Cz..,C2..,C4..,C6..,Cp5.,Cp3.,Cp1.,Cpz.,Cp2.,Cp4.,Cp6.,Fp1.,Fpz.,Fp2.,Af7.,Af3.,Afz.,Af4.,Af8.,F7..,F5..,F3..,F1..,Fz..,F2..,F4..,F6..,F8..,Ft7.,Ft8.,T7..,T8..,T9..,T10.,Tp7.,Tp8.,P7..,P5..,P3..,P1..,Pz..,P2..,P4..,P6..,P8..,Po7.,Po3.,Poz.,Po4.,Po8.,O1..,Oz..,O2..,Iz..",eegmmidb,S100R04.edf,EEG,val,eegmmidb_007534
